brand_id,brand_name,brand_palette
1,4ormat,"[(238, 52, 64)]"
2,500px,"[(0, 153, 229), (255, 76, 76), (52, 191, 73)]"
3,7-11,"[(248, 27, 36), (0, 149, 83), (254, 93, 39)]"
4,7up,"[(33, 93, 56), (20, 166, 81), (233, 238, 232), (236, 28, 45)]"
5,ACTI,"[(234, 63, 52), (242, 152, 44), (82, 163, 96), (103, 71, 148), (8, 8, 8)]"
6,Adobe After Effect,"[(27, 6, 41), (220, 147, 248)]"
7,Adobe Bridge,"[(29, 21, 10), (237, 180, 38)]"
8,Adobe Illustrator,"[(40, 19, 0), (226, 108, 0)]"
9,Adobe Lightroom,"[(24, 39, 49), (167, 212, 236)]"
10,Adobe Photoshop,"[(11, 29, 39), (114, 203, 253)]"
11,Alibaba / 阿里巴巴,"[(219, 112, 51), (255, 255, 255), (31, 26, 24)]"
12,Alipay / 支付寶,"[(0, 60, 139), (14, 157, 236), (255, 255, 255), (244, 119, 53), (57, 55, 55)]"
13,Amazon,"[(0, 0, 0), (254, 254, 254), (241, 154, 51)]"
14,America Express,"[(0, 38, 99), (77, 79, 83)]"
15,Arriva,"[(0, 77, 115), (0, 51, 78), (0, 127, 219), (219, 235, 250), (131, 37, 97), (17, 134, 47), (191, 202, 2), (132, 138, 140)]"
16,Asana,"[(59, 232, 176), (26, 175, 208), (106, 103, 206), (255, 185, 0), (252, 99, 107)]"
17,Baidu / 百度,"[(229, 58, 47), (255, 255, 255), (7, 51, 220)]"
18,Bandai Namco / バンダイナムコ,"[(218, 55, 50), (228, 118, 47), (247, 190, 51)]"
19,Best buy,"[(0, 59, 100), (255, 242, 0)]"
20,Bitly,"[(238, 97, 35), (238, 202, 119), (125, 176, 220)]"
21,Bootstrap,"[(51, 122, 183), (91, 192, 222), (92, 184, 92), (240, 173, 78), (217, 83, 79)]"
22,Bower,"[(82, 56, 43), (228, 101, 71), (254, 204, 71), (89, 168, 44), (39, 171, 234)]"
23,Burger King,"[(236, 28, 36), (253, 189, 16), (0, 102, 178)]"
24,Carrefour,"[(214, 54, 53), (0, 86, 157)]"
25,Domino's Pizza,"[(220, 57, 66), (15, 100, 145)]"
26,Dribbble,"[(234, 76, 137), (195, 35, 97)]"
27,Elastic Search,"[(215, 104, 157), (243, 211, 55), (160, 196, 67), (102, 181, 174), (93, 164, 220), (64, 118, 158)]"
28,Facebook,"[(69, 108, 170), (136, 162, 206), (194, 210, 238), (254, 254, 254)]"
29,Fedex,"[(232, 112, 51), (254, 254, 254), (86, 45, 148)]"
30,Ferrari,"[(204, 35, 42), (254, 240, 45), (0, 28, 39), (255, 255, 255), (69, 154, 86)]"
31,Github,"[(130, 187, 228), (163, 217, 239), (33, 31, 31), (240, 204, 180), (166, 97, 86)]"
32,Godaddy,"[(96, 170, 79), (237, 208, 65), (226, 122, 59)]"
33,Google Adsense,"[(243, 183, 46), (56, 105, 197), (70, 134, 244)]"
34,Google Adwords,"[(79, 122, 190), (10, 113, 66), (19, 163, 101)]"
35,Google Analytics,"[(238, 90, 48), (255, 255, 255), (247, 152, 30)]"
36,Google Chart,"[(196, 65, 41), (236, 147, 50), (62, 132, 16), (5, 96, 189)]"
37,Google Drive,"[(255, 209, 79), (75, 167, 97), (40, 130, 251)]"
38,Google,"[(197, 82, 63), (242, 183, 54), (73, 146, 85), (24, 117, 229)]"
39,HUAWEI / 華為,"[(240, 61, 50), (255, 255, 255), (0, 0, 0)]"
40,Ikea,"[(242, 188, 57), (3, 58, 139)]"
41,Instagram,"[(70, 88, 172), (231, 0, 138), (255, 0, 58), (255, 109, 0), (255, 197, 63)]"
42,Israel Railways,"[(0, 174, 236), (38, 36, 112), (230, 164, 48)]"
43,KFC / Kentucky Fried Chicken,"[(196, 18, 48), (242, 212, 183), (255, 239, 224), (255, 255, 255), (38, 28, 2)]"
44,Kickstarter,"[(2, 6, 33), (43, 222, 115)]"
45,Kodak,"[(255, 183, 24), (255, 255, 255), (226, 29, 25)]"
46,Konami / コナミ,"[(162, 46, 41), (242, 74, 60), (247, 148, 60)]"
47,Lego,"[(208, 16, 18), (246, 236, 54), (255, 255, 255), (0, 0, 0)]"
48,Livinplay,"[(230, 67, 29)]"
49,LocalBitcoins,"[(0, 89, 158), (231, 120, 23)]"
50,Master Card,"[(204, 0, 0), (255, 255, 255), (255, 153, 0)]"
51,McDonald,"[(223, 26, 33), (255, 202, 0)]"
52,Mi / 小米,"[(244, 116, 54), (255, 255, 255)]"
53,Microsoft,"[(240, 81, 37), (253, 184, 19), (127, 187, 66), (50, 160, 218)]"
54,Microsot Excel,"[(182, 89, 85), (165, 183, 92), (89, 170, 194), (79, 131, 186), (120, 104, 162)]"
55,NBC,"[(252, 183, 17), (243, 112, 33), (204, 0, 76), (100, 96, 170), (0, 137, 208), (13, 177, 75)]"
56,Netflix,"[(229, 9, 20), (34, 31, 31), (245, 245, 241)]"
57,Nikon / ニコン,"[(255, 222, 53), (255, 255, 255), (20, 4, 2)]"
58,Oktopost,"[(0, 143, 212), (0, 31, 45)]"
59,Olympic,"[(19, 134, 196), (243, 194, 50), (0, 0, 0), (71, 153, 61), (210, 53, 57)]"
60,Pepsi,"[(236, 30, 37), (4, 172, 236), (40, 46, 146)]"
61,Pinterest,"[(184, 49, 40), (206, 98, 96), (233, 182, 174), (254, 254, 254)]"
62,Pizza Hut,"[(241, 62, 54), (251, 178, 56), (71, 151, 5), (0, 0, 0)]"
63,PlotDB,"[(237, 108, 164), (251, 176, 91), (172, 211, 114), (123, 196, 226)]"
64,Reactjs,"[(34, 34, 34), (0, 216, 255)]"
65,Salesforce,"[(16, 154, 215), (253, 253, 254)]"
66,Shell,"[(221, 29, 33), (251, 206, 7)]"
67,Slack,"[(189, 64, 48), (224, 184, 62), (127, 150, 38), (118, 190, 159), (155, 207, 222), (89, 159, 140), (54, 23, 59), (86, 62, 88), (204, 72, 118), (244, 243, 241)]"
68,Starbucks,"[(16, 16, 16), (34, 70, 52), (47, 97, 68), (65, 103, 83), (134, 155, 146), (252, 253, 254)]"
69,Subway,"[(31, 82, 66), (255, 238, 54)]"
70,Tableau,"[(202, 30, 50), (235, 126, 36), (192, 196, 201), (92, 140, 156), (58, 84, 135)]"
71,Taobao / 淘寶,"[(255, 68, 0), (255, 255, 255)]"
72,Trivago,"[(41, 115, 184), (227, 122, 31), (163, 23, 26)]"
73,Trulia,"[(82, 181, 72), (65, 69, 95)]"
74,Twitter,"[(0, 158, 247), (255, 255, 255)]"
75,WeChat / 微信,"[(52, 107, 33), (148, 209, 55), (179, 228, 110), (240, 241, 242)]"
76,Yahoo,"[(101, 16, 110), (255, 255, 255)]"
77,Zillow,"[(0, 116, 228), (255, 255, 255), (116, 192, 5)]"
78,about me,"[(0, 169, 143)]"
79,adidas,"[(0, 0, 0), (190, 0, 39), (207, 141, 46), (228, 233, 50), (44, 159, 69), (55, 23, 119), (82, 50, 93), (81, 19, 120)]"
80,adobe,"[(255, 0, 0), (251, 176, 52), (255, 221, 0), (193, 216, 47), (0, 164, 228), (138, 121, 103), (106, 115, 123)]"
81,adzuna,"[(39, 155, 55)]"
82,aer lingus,"[(0, 131, 116), (137, 186, 22), (254, 254, 254)]"
83,aetna,"[(210, 9, 98), (244, 119, 33), (122, 193, 67), (0, 167, 142), (0, 188, 228), (125, 63, 152)]"
84,aiesec,"[(3, 126, 243), (248, 90, 64), (48, 195, 158), (10, 142, 160), (244, 137, 36), (255, 200, 69), (82, 86, 94), (202, 204, 209), (243, 244, 247)]"
85,aim,"[(255, 217, 0)]"
86,airbnb,"[(253, 92, 99)]"
87,akamai,"[(0, 153, 204), (255, 153, 51)]"
88,alcon,"[(0, 121, 193), (73, 23, 109), (0, 160, 175), (73, 169, 66)]"
89,algolia,"[(5, 15, 44), (0, 54, 102), (0, 174, 255), (51, 105, 231), (142, 67, 231), (184, 69, 146), (255, 79, 129), (255, 108, 95), (255, 193, 104), (45, 222, 152), (28, 199, 208)]"
90,alibaba,"[(255, 106, 0)]"
91,alienware,"[(12, 56, 102), (73, 192, 182), (34, 34, 34), (206, 24, 30), (0, 124, 192), (255, 194, 14)]"
92,alphabet,"[(237, 28, 36)]"
93,amazon,"[(255, 153, 0), (20, 110, 180)]"
94,american express,"[(0, 38, 99), (77, 79, 83)]"
95,amp,"[(28, 121, 192), (13, 211, 255), (3, 137, 255)]"
96,android,"[(164, 198, 57)]"
97,angies list,"[(127, 187, 0)]"
98,angularjs,"[(181, 46, 49), (0, 0, 0)]"
99,answers,"[(19, 106, 213), (251, 138, 46)]"
100,aol,"[(255, 11, 0), (0, 196, 255)]"
101,aparat,"[(234, 29, 93)]"
102,arch linux,"[(23, 147, 209), (51, 51, 51)]"
103,arizona state university asu,"[(153, 0, 51), (255, 179, 16)]"
104,arriva danmark,"[(0, 77, 115), (0, 51, 78), (0, 127, 189), (219, 235, 250)]"
105,arriva,"[(0, 77, 115), (0, 51, 78), (0, 127, 219), (219, 235, 250), (131, 37, 97), (17, 134, 47), (191, 202, 2), (132, 138, 140)]"
106,ars technica,"[(255, 78, 0), (1, 205, 116)]"
107,asana,"[(59, 232, 176), (26, 175, 208), (106, 103, 206), (255, 185, 0), (252, 99, 107)]"
108,askfm,"[(219, 53, 82)]"
109,associated press,"[(255, 50, 46)]"
110,atlanta falcons,"[(0, 0, 0), (167, 25, 48), (165, 172, 175)]"
111,atlantic coast conference acc,"[(1, 60, 166), (165, 169, 171)]"
112,atlassian,"[(0, 51, 102)]"
113,att,"[(0, 168, 224)]"
114,auth0,"[(22, 33, 77), (68, 199, 244), (235, 84, 36), (208, 210, 211)]"
115,avast,"[(255, 120, 0), (45, 54, 76), (101, 52, 172)]"
116,avira,"[(212, 0, 0)]"
117,baidu,"[(222, 15, 23), (37, 41, 216)]"
118,bandcamp,"[(98, 154, 169)]"
119,barclays,"[(0, 174, 239), (0, 57, 93)]"
120,barnes noble,"[(42, 89, 52)]"
121,basecamp,"[(179, 220, 255), (94, 204, 98), (0, 173, 69)]"
122,beats by dre,"[(224, 31, 61)]"
123,bebo,"[(224, 70, 70)]"
124,behance,"[(23, 105, 255)]"
125,best buy,"[(0, 59, 100), (255, 242, 0)]"
126,big cartel,"[(160, 172, 72), (112, 178, 156)]"
127,bing,"[(255, 185, 0), (80, 80, 80), (163, 163, 163)]"
128,bitbucket,"[(32, 80, 129)]"
129,bitly,"[(238, 97, 35), (97, 179, 222)]"
130,blackberry,"[(0, 83, 135), (140, 184, 17), (253, 184, 19), (136, 172, 161), (0, 0, 0), (120, 140, 182), (161, 161, 164), (143, 143, 140)]"
131,blockchain,"[(18, 57, 98), (39, 84, 186), (0, 174, 230), (121, 158, 178), (177, 212, 229)]"
132,blogger,"[(245, 125, 0)]"
133,boeing,"[(0, 51, 161)]"
134,boise state university,"[(9, 52, 122), (0, 125, 195), (1, 105, 164), (51, 153, 204), (241, 99, 42), (70, 70, 70), (183, 183, 183), (246, 246, 245)]"
135,bombardier,"[(137, 150, 160)]"
136,booking com,"[(0, 53, 128), (0, 159, 227), (254, 186, 2), (102, 102, 102), (242, 246, 250)]"
137,bower,"[(255, 204, 47), (239, 87, 52), (0, 172, 238), (43, 175, 43), (84, 55, 41), (206, 206, 206)]"
138,box,"[(0, 97, 213)]"
139,boy scouts of america,"[(206, 17, 38), (0, 63, 135)]"
140,british airways,"[(7, 90, 170), (235, 34, 38), (1, 41, 92), (239, 233, 229), (172, 160, 149), (185, 207, 237), (167, 169, 172)]"
141,brt,"[(201, 15, 35)]"
142,bt,"[(213, 38, 133), (85, 58, 153), (108, 188, 53), (253, 159, 62), (8, 83, 140)]"
143,buffer,"[(22, 142, 234), (238, 79, 79), (255, 249, 234), (118, 184, 82), (50, 59, 67), (89, 98, 106), (206, 215, 223), (239, 243, 246), (244, 247, 249)]"
144,bulma,"[(0, 209, 178)]"
145,burger king,"[(236, 28, 36), (253, 189, 16), (0, 102, 178), (237, 121, 2)]"
146,buzzfeed,"[(238, 51, 34)]"
147,bynder,"[(0, 170, 255)]"
148,cadbury,"[(71, 47, 146)]"
149,canon,"[(188, 0, 36), (0, 0, 0)]"
150,capital one,"[(0, 73, 119), (208, 48, 39)]"
151,carbonmade,"[(97, 56, 84)]"
152,carrefour,"[(0, 56, 123), (187, 30, 16), (246, 120, 40), (35, 127, 82)]"
153,carrot,"[(56, 142, 209), (215, 78, 38), (0, 104, 55), (250, 159, 30), (247, 147, 30)]"
154,cartoon network,"[(0, 174, 239), (237, 0, 140), (255, 240, 0), (0, 0, 0)]"
155,case mate,"[(132, 117, 78), (166, 25, 46), (222, 203, 165), (0, 0, 0)]"
156,change org,"[(236, 44, 34)]"
157,channel,"[(46, 31, 84)]"
158,charity water,"[(255, 201, 7), (46, 157, 247), (35, 31, 32)]"
159,cheddar,"[(255, 114, 67)]"
160,clas ohlson,"[(96, 175, 220)]"
161,cloob,"[(33, 62, 151), (255, 172, 37), (208, 0, 44), (255, 72, 22), (255, 72, 22)]"
162,cloudflare,"[(243, 128, 32), (250, 174, 64), (64, 64, 65)]"
163,cnn,"[(204, 0, 0), (0, 0, 0), (40, 40, 40), (70, 70, 70)]"
164,coca cola,"[(237, 28, 22)]"
165,code school,"[(97, 111, 103), (198, 129, 67)]"
166,codecademy,"[(246, 90, 91), (32, 64, 86)]"
167,codepen,"[(14, 190, 255), (71, 207, 115), (174, 99, 228), (252, 208, 0), (255, 60, 65), (118, 218, 255)]"
168,connexxion,"[(210, 234, 50), (1, 103, 115)]"
169,constant contact,"[(67, 159, 211), (246, 177, 40)]"
170,continental ag,"[(255, 165, 0), (0, 165, 220), (0, 78, 175), (45, 185, 40), (5, 120, 85), (255, 45, 55), (0, 0, 0), (115, 115, 115), (150, 150, 150), (205, 205, 205), (240, 240, 240)]"
171,courtyard,"[(104, 149, 80), (133, 196, 70), (192, 222, 158), (185, 220, 164)]"
172,craft cms,"[(218, 90, 71)]"
173,creative commons,"[(182, 43, 110), (150, 40, 198), (67, 116, 183), (171, 184, 175), (152, 200, 7), (177, 162, 74), (237, 216, 18), (239, 148, 33), (209, 56, 20)]"
174,creative market,"[(139, 167, 83)]"
175,crowdin,"[(48, 102, 15), (184, 204, 28)]"
176,crowne plaza,"[(131, 0, 81), (207, 0, 114), (217, 229, 6), (255, 121, 0), (0, 198, 215), (118, 106, 101)]"
177,crunchbase,"[(34, 146, 167)]"
178,culvers,"[(0, 86, 150)]"
179,cunard,"[(29, 29, 27), (174, 154, 100), (228, 35, 19), (139, 140, 141)]"
180,cvs,"[(204, 0, 0)]"
181,dailymotion,"[(0, 170, 255), (0, 210, 243)]"
182,daimler,"[(38, 63, 106), (24, 43, 69), (107, 15, 36), (25, 55, 37), (96, 96, 97)]"
183,datadog,"[(119, 74, 164)]"
184,dealhack,"[(9, 82, 128), (0, 161, 241)]"
185,debian,"[(168, 0, 48)]"
186,deezer,"[(255, 0, 0), (255, 237, 0), (255, 0, 146), (194, 255, 0), (0, 199, 242), (193, 241, 252), (235, 255, 172), (255, 194, 229), (255, 170, 170)]"
187,delectable,"[(51, 72, 88), (205, 89, 90), (148, 147, 143), (163, 167, 166), (219, 197, 176), (248, 223, 194), (249, 235, 223)]"
188,delicious,"[(51, 153, 255), (34, 34, 34), (238, 238, 238)]"
189,deliveroo,"[(0, 193, 178)]"
190,delta airlines,"[(200, 16, 46), (134, 38, 51), (0, 58, 112)]"
191,dental plans,"[(249, 145, 4), (0, 183, 201)]"
192,designer news,"[(45, 114, 217)]"
193,designmoo,"[(230, 75, 80), (219, 198, 93)]"
194,deutsche bahn,"[(255, 0, 0)]"
195,deviantart,"[(5, 204, 71), (77, 196, 125), (24, 26, 27)]"
196,devour,"[(255, 0, 0)]"
197,dewalt,"[(254, 189, 23)]"
198,dhl,"[(186, 12, 47), (255, 205, 0), (201, 201, 201)]"
199,diebold,"[(0, 125, 195), (0, 63, 105), (149, 64, 16), (68, 92, 110), (0, 82, 56), (151, 130, 75)]"
200,digg,"[(0, 91, 226), (0, 0, 0)]"
201,digital ocean,"[(0, 139, 207)]"
202,dindr,"[(253, 185, 78), (249, 168, 82), (246, 150, 83), (243, 134, 84), (240, 118, 84), (237, 104, 86), (239, 89, 86), (238, 76, 88), (86, 193, 171), (106, 107, 106)]"
203,direct energy,"[(240, 93, 33), (44, 87, 112), (15, 114, 58), (199, 200, 202), (102, 102, 102)]"
204,directv,"[(0, 166, 214), (0, 98, 155), (0, 56, 101)]"
205,discogs,"[(0, 0, 0), (51, 51, 51), (245, 223, 46)]"
206,discord,"[(114, 137, 218), (153, 170, 181), (44, 47, 51), (35, 39, 42)]"
207,dish network,"[(236, 25, 68)]"
208,disney xd,"[(10, 241, 103), (238, 112, 166), (82, 0, 153), (57, 234, 253), (13, 7, 53), (245, 245, 245)]"
209,disqus,"[(46, 159, 255)]"
210,django,"[(9, 46, 32)]"
211,docker,"[(13, 183, 237), (56, 77, 84)]"
212,dominos,"[(11, 100, 143), (226, 23, 55)]"
213,dow,"[(232, 0, 51), (253, 187, 48), (237, 139, 0), (241, 93, 34), (191, 13, 62), (145, 0, 72), (208, 0, 111)]"
214,dribbble,"[(68, 68, 68), (234, 76, 137), (138, 186, 86), (255, 136, 51), (0, 182, 227), (155, 165, 168)]"
215,dropbox,"[(0, 126, 229), (123, 137, 148), (71, 82, 93), (61, 70, 77)]"
216,droplr,"[(86, 84, 164)]"
217,drupal,"[(0, 119, 192), (129, 206, 255), (0, 89, 142)]"
218,duke university,"[(0, 26, 87), (0, 51, 102)]"
219,dunked,"[(45, 169, 215), (33, 42, 62)]"
220,dwolla,"[(255, 116, 4)]"
221,e4,"[(109, 29, 124)]"
222,easy jet,"[(255, 102, 0), (0, 0, 0), (88, 89, 91)]"
223,ebay,"[(215, 73, 70), (0, 105, 206), (240, 175, 49), (148, 178, 36)]"
224,el al,"[(19, 17, 55), (145, 137, 120)]"
225,elance,"[(13, 105, 175)]"
226,ello,"[(0, 0, 0)]"
227,ember,"[(242, 56, 25)]"
228,emma,"[(49, 72, 85), (92, 195, 232), (255, 219, 0), (121, 206, 184), (233, 95, 92)]"
229,endomundo,"[(135, 170, 20)]"
230,engadget,"[(64, 179, 255)]"
231,envato,"[(130, 181, 65)]"
232,epam,"[(57, 194, 215), (163, 198, 68), (70, 69, 71), (178, 39, 70), (142, 36, 77)]"
233,epictions,"[(255, 32, 82), (230, 230, 230), (64, 64, 64), (1, 181, 221), (176, 219, 100)]"
234,ericsson,"[(0, 37, 97)]"
235,esl,"[(13, 157, 219), (72, 184, 231), (239, 236, 234), (44, 43, 43)]"
236,espn,"[(255, 0, 51)]"
237,estimote,"[(106, 156, 132), (121, 15, 89), (55, 59, 156), (247, 132, 182), (57, 183, 221), (204, 201, 0)]"
238,etrade,"[(102, 51, 204), (153, 204, 0)]"
239,etsy,"[(213, 100, 28)]"
240,evaneos,"[(51, 204, 153), (75, 166, 245), (253, 202, 48), (247, 148, 0), (243, 66, 53)]"
241,eventbrite,"[(255, 128, 0)]"
242,evernote,"[(45, 190, 96), (123, 134, 138), (47, 172, 178), (22, 106, 143), (59, 68, 70), (82, 94, 97), (123, 134, 138), (174, 182, 184), (215, 220, 221), (239, 242, 243)]"
243,execucar,"[(32, 49, 67), (218, 154, 57)]"
244,eztalks,"[(0, 160, 233)]"
245,fab com,"[(221, 0, 23), (0, 0, 0)]"
246,facebook,"[(59, 89, 152)]"
247,fairfield inn suites,"[(108, 173, 223), (176, 96, 16), (0, 73, 144), (181, 9, 56)]"
248,fairmont,"[(166, 166, 133), (0, 0, 0)]"
249,famo us,"[(250, 92, 79), (51, 51, 51)]"
250,fancy,"[(48, 152, 220), (73, 78, 88)]"
251,fedex,"[(77, 20, 140), (255, 102, 0)]"
252,feedly,"[(43, 178, 76)]"
253,fendi,"[(249, 185, 73)]"
254,ferrari,"[(227, 33, 25)]"
255,fiat,"[(150, 23, 46), (109, 45, 65)]"
256,film4,"[(0, 0, 0), (214, 24, 42)]"
257,firefox,"[(230, 96, 0), (255, 149, 0), (255, 203, 0), (0, 83, 159), (0, 149, 221), (51, 30, 84), (0, 33, 71)]"
258,fiskars,"[(255, 142, 0), (0, 0, 0), (149, 82, 20), (85, 96, 28), (0, 81, 114)]"
259,fitbit,"[(76, 194, 196), (245, 71, 133), (52, 52, 52)]"
260,five guys,"[(237, 23, 79), (251, 176, 64), (239, 196, 2), (212, 137, 28)]"
261,fiverr,"[(0, 178, 45)]"
262,fivethirtyeight,"[(237, 113, 58), (0, 0, 0)]"
263,flattr,"[(246, 124, 26), (51, 141, 17)]"
264,flavors me,"[(241, 0, 135), (0, 154, 231)]"
265,flickr,"[(0, 99, 220), (255, 0, 132)]"
266,flipboard,"[(225, 40, 40)]"
267,flixster,"[(41, 113, 178)]"
268,fluid ui,"[(63, 169, 245), (152, 152, 152), (248, 248, 248)]"
269,follr,"[(77, 201, 246), (246, 112, 25), (245, 55, 148), (83, 123, 196), (172, 194, 54)]"
270,fontawesome,"[(34, 138, 230)]"
271,ford,"[(28, 57, 109)]"
272,forrst,"[(91, 154, 104)]"
273,foursquare,"[(249, 72, 119), (7, 50, 162), (45, 91, 227)]"
274,freecodecamp,"[(0, 100, 0), (255, 156, 42), (255, 64, 37), (57, 73, 171), (239, 239, 239)]"
275,friend2friend,"[(15, 153, 214)]"
276,gallaudet university,"[(0, 69, 124), (232, 212, 162)]"
277,gannett,"[(0, 155, 255)]"
278,garmin,"[(0, 124, 195)]"
279,garuda,"[(72, 72, 72), (0, 37, 97), (47, 111, 126)]"
280,generatepress,"[(27, 33, 43), (30, 114, 189), (239, 239, 239)]"
281,geocaching,"[(74, 116, 44)]"
282,georgia southern university,"[(4, 30, 66), (169, 146, 96)]"
283,ghost,"[(33, 36, 37), (113, 128, 135), (91, 164, 229), (159, 187, 88), (233, 232, 221)]"
284,gibson,"[(0, 0, 0), (67, 111, 142), (136, 125, 89), (143, 150, 150)]"
285,gimmebar,"[(214, 21, 108)]"
286,github,"[(64, 120, 192), (108, 198, 68), (189, 44, 0), (201, 81, 12), (110, 84, 148), (250, 250, 250), (245, 245, 245), (51, 51, 51)]"
287,gitlab,"[(252, 163, 38), (252, 109, 38), (226, 67, 41), (85, 68, 136)]"
288,gitter,"[(70, 188, 153), (246, 141, 66), (237, 25, 101), (242, 240, 237), (58, 49, 51)]"
289,gittip,"[(102, 51, 0), (51, 153, 102)]"
290,godaddy,"[(125, 183, 1), (255, 138, 0)]"
291,gogo,"[(232, 0, 41), (64, 180, 229), (124, 134, 141)]"
292,goodreads,"[(85, 59, 8)]"
293,google allo,"[(251, 188, 5)]"
294,google duo,"[(66, 133, 244)]"
295,google plus,"[(221, 75, 57)]"
296,google,"[(66, 133, 244), (52, 168, 83), (251, 188, 5), (234, 67, 53)]"
297,gospel for asia,"[(9, 157, 132), (77, 157, 179), (69, 106, 207), (135, 98, 201), (173, 24, 45), (225, 95, 95)]"
298,gravatar,"[(30, 140, 190)]"
299,gravit,"[(227, 0, 97), (213, 223, 0), (71, 82, 88)]"
300,greenhouse,"[(0, 178, 169)]"
301,groupon,"[(130, 181, 72)]"
302,grunt,"[(251, 169, 25), (70, 48, 20)]"
303,gumtree,"[(114, 239, 54), (59, 49, 65), (240, 236, 230)]"
304,gvb,"[(8, 99, 181), (254, 198, 0), (243, 145, 0), (227, 0, 31), (229, 0, 100), (149, 74, 151), (0, 158, 227), (19, 165, 56)]"
305,hacker news,"[(255, 64, 0)]"
306,hangouts,"[(15, 157, 88)]"
307,happn,"[(0, 135, 180)]"
308,heineken,"[(0, 130, 0), (32, 85, 39), (255, 43, 0), (195, 195, 195)]"
309,hellowallet,"[(0, 147, 208)]"
310,help scout,"[(49, 151, 214), (57, 73, 86), (214, 221, 227)]"
311,heroku,"[(201, 195, 230), (103, 98, 166)]"
312,hewlett packard enterprise,"[(0, 179, 136), (66, 85, 99)]"
313,hi5,"[(253, 152, 39)]"
314,highfive,"[(162, 110, 234), (247, 175, 255), (93, 112, 234), (70, 183, 253)]"
315,home depot,"[(249, 99, 2)]"
316,homeaway,"[(42, 110, 187), (255, 138, 0)]"
317,hootsuite,"[(0, 50, 101), (247, 232, 213), (255, 189, 10), (198, 175, 146), (113, 104, 95), (84, 73, 63), (56, 50, 45)]"
318,houzz,"[(122, 193, 66), (0, 0, 0)]"
319,hp,"[(0, 150, 214), (215, 65, 11)]"
320,hsbc,"[(219, 0, 17)]"
321,html5,"[(227, 79, 38)]"
322,hulu,"[(102, 170, 51), (153, 204, 51), (65, 129, 30), (34, 34, 34), (102, 102, 102), (232, 232, 232)]"
323,humble bundle,"[(203, 39, 44)]"
324,hyatt,"[(109, 110, 113), (191, 91, 32), (0, 110, 150), (140, 135, 0), (173, 95, 125), (215, 145, 0)]"
325,ibm,"[(0, 102, 153)]"
326,icons8,"[(50, 194, 77)]"
327,ideal,"[(204, 0, 102), (121, 175, 193), (0, 0, 0)]"
328,identi ca,"[(120, 146, 64), (125, 1, 0), (139, 170, 255)]"
329,ifttt,"[(51, 204, 255), (255, 68, 0), (0, 0, 0)]"
330,iheartradio,"[(198, 0, 43)]"
331,ikea,"[(255, 204, 0), (0, 51, 153)]"
332,imdb,"[(245, 222, 80)]"
333,imgur,"[(133, 191, 37)]"
334,indeed,"[(33, 100, 244), (255, 102, 0)]"
335,indiegogo,"[(235, 20, 120)]"
336,instacart,"[(96, 171, 89)]"
337,instagram,"[(64, 93, 230), (88, 81, 219), (131, 58, 180), (193, 53, 132), (225, 48, 108), (253, 29, 29), (245, 96, 64), (247, 119, 55), (252, 175, 69), (255, 220, 128)]"
338,instapage,"[(13, 26, 43), (21, 101, 192), (30, 136, 229), (188, 206, 214), (242, 247, 249)]"
339,instapaper,"[(0, 0, 0), (66, 139, 202)]"
340,intel,"[(15, 125, 194)]"
341,intuit,"[(54, 94, 191)]"
342,invision,"[(255, 51, 102), (37, 43, 51), (47, 123, 189), (50, 58, 69), (138, 149, 158), (212, 215, 218), (233, 235, 236)]"
343,ios,"[(95, 201, 248), (254, 203, 46), (253, 148, 38), (252, 49, 88), (20, 126, 251), (83, 215, 105), (252, 61, 57), (142, 142, 147)]"
344,israel railways,"[(30, 31, 86)]"
345,issuu,"[(243, 109, 93)]"
346,istock,"[(254, 66, 63), (2, 163, 136), (12, 13, 13), (232, 237, 237), (220, 225, 225)]"
347,javascript,"[(247, 223, 30)]"
348,jawbone,"[(0, 0, 0)]"
349,jbl,"[(255, 102, 0)]"
350,jetpack,"[(102, 156, 52), (114, 175, 58)]"
351,joomla,"[(244, 67, 33), (80, 145, 205), (249, 165, 65), (122, 193, 67)]"
352,joyent,"[(255, 102, 0)]"
353,jquery,"[(7, 105, 173), (122, 206, 244)]"
354,kaspersky lab,"[(0, 108, 84), (213, 42, 29)]"
355,keeeb,"[(0, 169, 192)]"
356,khan academy,"[(156, 180, 67), (36, 47, 58)]"
357,kia,"[(194, 26, 48)]"
358,kickstarter,"[(43, 222, 115), (15, 33, 5)]"
359,kik,"[(130, 188, 35), (61, 180, 231)]"
360,kippt,"[(213, 16, 7)]"
361,kitkat,"[(215, 0, 33)]"
362,kiva,"[(99, 165, 65), (35, 97, 51), (38, 182, 232)]"
363,kiwipay,"[(0, 176, 223)]"
364,klm,"[(0, 161, 228)]"
365,knight foundation,"[(0, 0, 0), (3, 204, 230), (41, 200, 118), (255, 64, 129), (253, 206, 46), (245, 244, 242), (204, 204, 204), (102, 102, 102), (255, 57, 57)]"
366,lamborghini,"[(221, 179, 33)]"
367,laravel,"[(245, 82, 71)]"
368,lastfm,"[(213, 16, 7)]"
369,lastpass,"[(211, 45, 39), (175, 8, 9), (0, 0, 0), (12, 35, 64), (0, 163, 224), (237, 224, 75), (51, 63, 72), (217, 225, 226)]"
370,lego,"[(246, 236, 53), (209, 16, 19), (0, 0, 0)]"
371,line,"[(0, 195, 0)]"
372,linkedin,"[(0, 119, 181), (0, 0, 0), (49, 51, 53), (134, 136, 138), (202, 204, 206), (0, 160, 220), (141, 108, 171), (221, 81, 67), (230, 133, 35)]"
373,livestream,"[(207, 32, 46), (35, 33, 33), (247, 136, 34), (246, 219, 53), (109, 192, 103), (65, 133, 190), (143, 73, 156)]"
374,lloyds,"[(216, 31, 42), (255, 153, 0), (224, 216, 110), (158, 169, 0), (110, 201, 224), (0, 126, 163), (158, 71, 112), (99, 29, 118), (30, 30, 30)]"
375,localbitcoins com,"[(0, 111, 191), (255, 123, 0)]"
376,lomo,"[(235, 0, 40), (0, 160, 223)]"
377,london underground,"[(0, 0, 153), (204, 51, 51)]"
378,lowes,"[(0, 73, 144), (21, 182, 229)]"
379,lumo,"[(87, 99, 150)]"
380,lyft,"[(255, 0, 191), (53, 35, 132), (51, 52, 71), (243, 243, 245)]"
381,magento,"[(244, 111, 37)]"
382,mail ru,"[(22, 141, 226), (255, 169, 48)]"
383,mailchimp,"[(35, 154, 185), (82, 186, 213), (109, 197, 220), (55, 55, 55), (93, 92, 93), (183, 183, 183)]"
384,manjaro linux,"[(52, 190, 91)]"
385,massachusetts institute of technology,"[(163, 31, 52), (138, 139, 140), (194, 192, 191)]"
386,massy group,"[(0, 74, 119), (0, 173, 238), (255, 129, 0), (255, 210, 0)]"
387,mastercard,"[(204, 0, 0), (255, 153, 0), (0, 0, 102)]"
388,mcdonalds,"[(191, 12, 12), (231, 106, 5), (255, 198, 0), (71, 188, 0), (5, 0, 123), (151, 72, 168), (43, 179, 243), (134, 82, 0)]"
389,medium,"[(0, 171, 108)]"
390,meetup,"[(224, 57, 62)]"
391,meijer,"[(10, 77, 140), (221, 19, 33)]"
392,mercadolibre com,"[(255, 230, 0), (45, 50, 119)]"
393,messenger,"[(0, 132, 255)]"
394,microsoft band,"[(120, 59, 210)]"
395,microsoft office,"[(234, 62, 35)]"
396,microsoft surface,"[(0, 120, 215), (238, 238, 238), (115, 115, 115), (80, 80, 80), (0, 0, 0)]"
397,microsoft,"[(246, 83, 20), (124, 187, 0), (0, 161, 241), (255, 187, 0)]"
398,milligram,"[(155, 77, 202), (244, 245, 246), (96, 108, 118)]"
399,mixcloud,"[(82, 170, 216), (39, 58, 75), (29, 45, 59)]"
400,mixpanel,"[(160, 134, 211)]"
401,mlb,"[(0, 0, 136), (204, 0, 0)]"
402,mobilink,"[(238, 29, 35)]"
403,mojang,"[(219, 31, 41), (0, 0, 0)]"
404,mollie,"[(198, 214, 223), (236, 69, 52)]"
405,mongodb,"[(88, 150, 54)]"
406,montclair state university,"[(206, 17, 65), (238, 177, 17), (232, 125, 30), (148, 206, 8), (0, 56, 107), (150, 148, 145)]"
407,motorola,"[(92, 146, 250)]"
408,mozilla,"[(193, 56, 50), (215, 211, 200), (77, 78, 83)]"
409,musixmatch,"[(255, 96, 80), (255, 14, 131), (213, 66, 98), (129, 56, 103), (102, 51, 110), (52, 21, 57), (86, 119, 252), (144, 19, 254), (255, 194, 8), (0, 204, 153)]"
410,muut,"[(31, 173, 197), (255, 128, 0)]"
411,myanimelist,"[(46, 81, 162)]"
412,myspace,"[(0, 0, 0)]"
413,mysql,"[(0, 117, 143), (242, 145, 17)]"
414,nanowrimo,"[(147, 222, 232), (90, 46, 20)]"
415,nasa,"[(252, 61, 33), (11, 61, 145)]"
416,nascar,"[(255, 214, 89), (228, 0, 43), (0, 122, 194)]"
417,national geographic,"[(255, 204, 0), (0, 0, 0)]"
418,nationwide,"[(0, 113, 191), (0, 0, 0)]"
419,nbc,"[(225, 172, 38), (220, 56, 15), (159, 8, 18), (99, 71, 178), (54, 141, 213), (112, 175, 30), (126, 136, 122)]"
420,nc state university,"[(204, 0, 0), (0, 0, 0)]"
421,nest,"[(0, 175, 216), (123, 133, 142)]"
422,netflix,"[(229, 9, 20), (34, 31, 31), (245, 245, 241)]"
423,netvibes,"[(57, 189, 0)]"
424,new balance,"[(206, 39, 36), (243, 236, 25), (32, 124, 136), (170, 193, 191), (232, 233, 215), (76, 77, 79), (35, 31, 32)]"
425,new york post,"[(204, 51, 51), (42, 42, 42)]"
426,nexar,"[(251, 176, 64), (68, 53, 91), (49, 38, 62), (238, 86, 34), (34, 30, 34)]"
427,nexmo,"[(0, 119, 200), (255, 130, 0), (240, 83, 122)]"
428,nextdoor,"[(25, 151, 93)]"
429,nfl,"[(1, 51, 105), (213, 10, 10)]"
430,nike football,"[(80, 72, 71), (39, 167, 112)]"
431,nikefuel,"[(75, 173, 49), (245, 220, 0), (233, 88, 20), (226, 20, 45)]"
432,ning,"[(117, 175, 66)]"
433,ninjas in pyjamas,"[(169, 140, 102), (18, 25, 28), (111, 127, 141), (0, 0, 0)]"
434,node js,"[(33, 87, 50), (108, 194, 74), (68, 136, 62), (51, 51, 51)]"
435,nokia,"[(18, 65, 145)]"
436,norsan media,"[(3, 144, 216)]"
437,northern arizona university,"[(0, 52, 102), (85, 118, 101)]"
438,northwestern university,"[(78, 42, 132), (131, 110, 170), (64, 31, 104), (182, 172, 209), (228, 224, 238), (52, 47, 46), (113, 108, 107), (187, 184, 184), (216, 214, 214)]"
439,novartis,"[(118, 84, 56), (161, 51, 35), (230, 81, 36), (236, 127, 34), (248, 178, 42), (255, 212, 48)]"
440,npm,"[(203, 56, 55)]"
441,ns 2,"[(0, 48, 130), (255, 201, 23)]"
442,ns,"[(255, 198, 30), (0, 51, 127), (0, 48, 130)]"
443,nvidia,"[(118, 185, 0)]"
444,nzxt,"[(81, 0, 122), (219, 232, 0), (208, 211, 212), (124, 135, 142)]"
445,obb,"[(226, 0, 42), (110, 110, 110)]"
446,odnoklassniki,"[(237, 129, 43)]"
447,office sway,"[(0, 130, 114)]"
448,oktopost,"[(0, 31, 45), (0, 143, 212), (105, 105, 105), (204, 204, 204), (238, 238, 238)]"
449,olark,"[(141, 152, 154), (116, 77, 168), (31, 179, 224), (73, 194, 25), (244, 220, 42), (238, 180, 23), (214, 81, 41)]"
450,olympus,"[(8, 16, 123), (223, 178, 38), (119, 119, 119)]"
451,oneplus,"[(235, 0, 41)]"
452,onshape,"[(27, 95, 170), (144, 206, 241), (255, 194, 14)]"
453,oovoo,"[(238, 175, 0)]"
454,opera,"[(204, 15, 22), (156, 158, 159)]"
455,oracle,"[(255, 0, 0), (0, 0, 0), (127, 127, 127)]"
456,oregon state university,"[(220, 68, 5), (0, 0, 0)]"
457,overstock,"[(199, 32, 44)]"
458,oxford university press,"[(0, 33, 71), (0, 0, 0), (102, 102, 102)]"
459,pac 12,"[(0, 75, 145), (0, 39, 77), (0, 118, 192), (0, 0, 7), (214, 224, 61), (161, 161, 164), (255, 255, 255)]"
460,pac,"[(0, 75, 145)]"
461,panasonic,"[(15, 88, 168), (0, 0, 0)]"
462,pandora,"[(0, 84, 131)]"
463,path,"[(238, 52, 35)]"
464,patreon,"[(249, 104, 84), (5, 45, 73)]"
465,paymill,"[(240, 80, 0)]"
466,paymo,"[(34, 208, 184), (52, 201, 80), (141, 232, 110)]"
467,paypal,"[(0, 48, 135), (0, 156, 222), (1, 33, 105)]"
468,pearson,"[(237, 107, 6), (157, 19, 72), (0, 139, 93), (54, 67, 149)]"
469,penguin books,"[(255, 105, 0)]"
470,peopleperhour com,"[(238, 114, 0)]"
471,pepsi,"[(227, 41, 52), (0, 72, 131)]"
472,periscope,"[(58, 164, 198), (215, 84, 68)]"
473,philips,"[(14, 95, 216)]"
474,photobucket,"[(14, 160, 219), (0, 0, 0)]"
475,php,"[(136, 146, 190), (79, 91, 147), (153, 204, 153)]"
476,pikabu,"[(93, 190, 87)]"
477,pinboard,"[(0, 0, 230)]"
478,pinterest,"[(189, 8, 28)]"
479,pizza hut,"[(238, 49, 36), (0, 161, 96), (255, 196, 37)]"
480,plasso,"[(101, 133, 237), (245, 117, 108), (152, 175, 192), (47, 49, 72)]"
481,plaxo,"[(65, 79, 90)]"
482,playstation,"[(0, 48, 135)]"
483,plex,"[(229, 160, 13), (40, 42, 45)]"
484,pocket,"[(239, 64, 86), (80, 188, 182)]"
485,poczta polska,"[(213, 43, 30)]"
486,polariod,"[(0, 163, 226), (27, 165, 72), (253, 200, 0), (241, 134, 14), (228, 27, 19)]"
487,portfolium,"[(0, 153, 255), (251, 10, 42), (23, 173, 73), (51, 51, 51)]"
488,postman,"[(239, 91, 37)]"
489,postmates,"[(0, 0, 0), (54, 69, 79)]"
490,prestashop,"[(223, 0, 103), (37, 27, 91), (37, 185, 215), (251, 187, 34), (104, 115, 127), (187, 191, 195)]"
491,prezi,"[(49, 139, 255)]"
492,priceline,"[(24, 133, 191)]"
493,princeton university,"[(238, 127, 45), (0, 0, 0)]"
494,product hunt,"[(218, 85, 47), (83, 69, 64), (152, 143, 140), (0, 178, 127)]"
495,protonmail,"[(80, 82, 100), (138, 144, 199)]"
496,puma,"[(0, 0, 0), (68, 64, 63), (105, 105, 101), (186, 32, 38), (174, 148, 109)]"
497,purdue university,"[(194, 142, 14), (152, 112, 13), (0, 0, 0)]"
498,python,"[(255, 222, 87), (69, 132, 182), (100, 100, 100)]"
499,qantas airlines,"[(224, 0, 27)]"
500,qualtrics,"[(225, 0, 25)]"
501,quizup,"[(255, 84, 84)]"
502,quora,"[(168, 36, 0)]"
503,quote fm,"[(102, 206, 255)]"
504,raspberry pi,"[(199, 5, 61), (140, 192, 75)]"
505,razer,"[(0, 255, 0)]"
506,rdio,"[(0, 125, 195)]"
507,react,"[(0, 216, 255)]"
508,readability,"[(153, 0, 0)]"
509,realex payments,"[(242, 144, 35), (77, 82, 85)]"
510,red hat,"[(204, 0, 0)]"
511,reddit,"[(255, 69, 0), (95, 153, 207), (206, 227, 248)]"
512,redfin,"[(160, 32, 33)]"
513,redox,"[(10, 34, 57), (1, 178, 135), (255, 159, 28), (229, 80, 90), (133, 76, 158)]"
514,remax,"[(225, 27, 34), (0, 84, 164)]"
515,renaissance hotels,"[(0, 0, 0), (153, 153, 153), (245, 128, 33)]"
516,rentler,"[(237, 28, 39)]"
517,residence inn,"[(179, 35, 23), (245, 128, 37), (58, 110, 143), (135, 178, 216), (141, 139, 0), (193, 215, 47)]"
518,reverbnation,"[(228, 53, 38)]"
519,rochester institute of technology,"[(243, 110, 33), (81, 49, 39)]"
520,rockpack,"[(11, 166, 171)]"
521,roku,"[(111, 26, 177)]"
522,rolls royce,"[(104, 0, 33), (255, 250, 236), (147, 149, 152), (0, 0, 0)]"
523,roo kids,"[(226, 32, 39), (161, 205, 61), (0, 62, 112)]"
524,roon,"[(98, 176, 217)]"
525,rosetta stone,"[(0, 152, 219), (236, 196, 0)]"
526,rounds,"[(253, 216, 0)]"
527,rowan university,"[(63, 26, 10), (237, 213, 28)]"
528,royal mail,"[(255, 0, 0), (255, 255, 0), (0, 0, 0)]"
529,rss 2,"[(242, 101, 34)]"
530,rss,"[(242, 101, 34)]"
531,ruby on rails,"[(204, 0, 0)]"
532,ruby,"[(204, 52, 45)]"
533,rutgers university,"[(204, 0, 51)]"
534,ryanair,"[(7, 53, 144), (241, 201, 51), (32, 145, 235)]"
535,sabre,"[(229, 0, 0), (17, 17, 17)]"
536,sage,"[(0, 220, 6)]"
537,sainsburys,"[(236, 138, 0)]"
538,salesforce,"[(23, 152, 193), (255, 17, 0)]"
539,san francisco 49ers,"[(233, 30, 34), (200, 170, 118), (0, 0, 0)]"
540,san francisco giants,"[(253, 90, 30), (0, 0, 0)]"
541,sap,"[(0, 51, 102), (153, 153, 153)]"
542,scribd,"[(26, 123, 186)]"
543,septa,"[(31, 79, 163), (241, 71, 40)]"
544,seton hall university,"[(0, 68, 136)]"
545,sherwin williams,"[(1, 104, 179), (238, 62, 52)]"
546,shopify,"[(150, 191, 72), (71, 156, 207), (45, 53, 56), (245, 245, 245), (242, 247, 250), (102, 102, 102)]"
547,shopmium,"[(240, 31, 116)]"
548,siemens,"[(0, 153, 153)]"
549,skillshare,"[(242, 107, 33), (104, 184, 190)]"
550,skoda,"[(0, 128, 13)]"
551,skype,"[(0, 175, 240)]"
552,skywest,"[(0, 51, 141)]"
553,slack,"[(110, 202, 220), (233, 168, 32), (224, 21, 99), (62, 185, 145)]"
554,slideshare,"[(0, 119, 181)]"
555,slipcase,"[(124, 156, 176)]"
556,smashing magazine,"[(229, 59, 44), (65, 183, 216)]"
557,snagajob,"[(243, 111, 33)]"
558,snapchat,"[(255, 252, 0)]"
559,soapui,"[(108, 179, 63), (74, 73, 77)]"
560,socialbro,"[(41, 196, 208), (242, 149, 86), (132, 175, 162), (114, 196, 39), (242, 76, 124), (0, 170, 242)]"
561,softonic,"[(0, 138, 206)]"
562,songkick,"[(248, 0, 70)]"
563,sonicbids,"[(255, 102, 0), (12, 136, 177)]"
564,soulcycle,"[(254, 223, 0), (30, 30, 30), (167, 168, 170)]"
565,soundcloud,"[(255, 136, 0), (255, 51, 0)]"
566,spoken,"[(252, 0, 193), (0, 0, 0)]"
567,spotify,"[(29, 185, 84), (25, 20, 20)]"
568,sprint,"[(255, 225, 0)]"
569,sprite,"[(1, 76, 134), (0, 169, 80), (107, 192, 72), (250, 208, 0)]"
570,sprout social,"[(117, 221, 102), (89, 203, 89), (43, 182, 86), (12, 167, 80), (243, 244, 244), (54, 65, 65)]"
571,square cash,"[(40, 193, 1)]"
572,squarespace,"[(34, 34, 34)]"
573,stack exchange,"[(30, 83, 151), (55, 109, 182), (76, 162, 218), (145, 216, 244)]"
574,stackoverflow,"[(244, 128, 36), (34, 36, 38), (188, 187, 187)]"
575,staples,"[(204, 0, 0), (44, 138, 236), (255, 204, 0)]"
576,starbucks,"[(0, 112, 74)]"
577,state farm,"[(225, 38, 28)]"
578,status chart,"[(215, 88, 79)]"
579,steam,"[(0, 173, 238), (0, 0, 0)]"
580,sterling hotels,"[(59, 90, 111), (130, 138, 135), (0, 0, 0), (157, 183, 196), (204, 215, 221), (131, 143, 151), (0, 32, 84)]"
581,stockton university,"[(0, 0, 0), (121, 189, 233), (255, 196, 35), (188, 155, 106), (167, 169, 172)]"
582,storyful,"[(249, 114, 0), (1, 1, 1), (139, 139, 100), (187, 189, 192)]"
583,strava,"[(252, 76, 2)]"
584,streamable,"[(15, 144, 250)]"
585,stripe,"[(0, 175, 225)]"
586,stubhub,"[(0, 75, 145), (255, 115, 0)]"
587,studyblue,"[(0, 175, 225)]"
588,stumbleupon,"[(235, 73, 36)]"
589,subway,"[(72, 158, 59), (250, 189, 66), (205, 10, 32)]"
590,sugarcrm,"[(230, 23, 24), (232, 233, 234), (89, 90, 92), (40, 40, 40)]"
591,suntrust,"[(0, 68, 124), (253, 185, 19), (227, 111, 30)]"
592,supershuttle,"[(66, 133, 244), (255, 205, 26)]"
593,swarm,"[(240, 109, 31), (255, 166, 51)]"
594,t mobile,"[(226, 0, 116)]"
595,tagstr,"[(231, 70, 53)]"
596,taiga,"[(68, 68, 68), (184, 184, 184), (114, 161, 20), (157, 206, 10), (135, 155, 137)]"
597,target,"[(204, 0, 0)]"
598,technorati,"[(51, 153, 0)]"
599,ted,"[(230, 43, 30)]"
600,telegram,"[(0, 136, 204)]"
601,temple,"[(164, 30, 53), (34, 34, 34), (137, 145, 151)]"
602,tesco,"[(238, 28, 46), (0, 83, 159)]"
603,tesla,"[(204, 0, 0)]"
604,texas am university,"[(80, 0, 0), (0, 60, 113), (91, 98, 54), (116, 79, 40), (153, 133, 66), (51, 44, 44), (112, 115, 115), (214, 211, 196)]"
605,texas tech university,"[(204, 0, 0), (0, 0, 0)]"
606,the audience awards,"[(238, 132, 33), (140, 138, 138), (34, 34, 34)]"
607,the college of new jersey,"[(41, 63, 111), (166, 122, 0)]"
608,the next web,"[(255, 60, 31), (38, 49, 59), (78, 88, 96), (166, 171, 175), (217, 224, 226), (250, 251, 252)]"
609,the ritz carlton,"[(0, 107, 149), (79, 91, 101), (179, 129, 42), (160, 26, 31)]"
610,the sun goals,"[(0, 116, 94), (8, 101, 86)]"
611,the sun perks,"[(133, 96, 168), (67, 28, 105)]"
612,the sun,"[(237, 28, 36), (185, 12, 19)]"
613,the times,"[(0, 0, 0)]"
614,thomson reuters,"[(255, 128, 0), (85, 85, 85), (68, 68, 68), (102, 102, 102), (204, 204, 204), (233, 233, 233), (247, 247, 247)]"
615,tivo,"[(218, 61, 52), (0, 164, 128), (237, 159, 64), (106, 118, 172), (23, 23, 14), (83, 75, 56), (166, 164, 128)]"
616,totaljobs,"[(102, 189, 0)]"
617,treehouse,"[(111, 188, 109), (71, 83, 91)]"
618,trello,"[(0, 121, 191), (112, 181, 0), (255, 159, 26), (235, 90, 70), (242, 214, 0), (195, 119, 224), (255, 120, 203), (0, 194, 224), (81, 232, 152), (196, 201, 204)]"
619,tripadvisor,"[(0, 175, 135)]"
620,trulia,"[(94, 171, 31)]"
621,trustpilot,"[(225, 39, 41), (243, 115, 36), (248, 204, 27), (114, 176, 67), (0, 127, 78), (200, 200, 200)]"
622,tumblr,"[(53, 70, 92)]"
623,tunngle,"[(195, 15, 36)]"
624,turbotax,"[(53, 94, 190), (213, 43, 29)]"
625,tvtag,"[(233, 44, 76), (200, 38, 65)]"
626,twentythree,"[(30, 201, 91), (4, 54, 35), (239, 245, 240)]"
627,twitch tv,"[(100, 65, 165), (185, 163, 227), (38, 38, 38), (241, 241, 241)]"
628,twitter,"[(29, 161, 242), (20, 23, 26), (101, 119, 134), (170, 184, 194), (225, 232, 237), (245, 248, 250)]"
629,typekit,"[(152, 206, 30)]"
630,typepad,"[(210, 222, 97)]"
631,typo3,"[(255, 135, 0)]"
632,uber,"[(9, 9, 26), (192, 192, 200), (31, 186, 214)]"
633,ubuntu,"[(221, 72, 20), (119, 33, 111), (94, 39, 80), (44, 0, 30), (174, 167, 159), (51, 51, 51)]"
634,uc berkeley,"[(0, 50, 98), (59, 126, 161), (253, 181, 21), (196, 130, 14)]"
635,ucsf,"[(5, 32, 73), (24, 163, 172), (144, 189, 49), (23, 140, 203), (244, 128, 36)]"
636,unity,"[(34, 44, 55), (0, 204, 204), (255, 246, 0), (255, 0, 102), (25, 227, 177), (255, 127, 51), (184, 60, 130)]"
637,universitat hamburg,"[(226, 0, 26), (0, 156, 209), (59, 81, 91)]"
638,university at albany,"[(70, 22, 107), (238, 178, 17), (0, 108, 104), (151, 164, 175)]"
639,university of alberta,"[(0, 124, 65), (255, 219, 5)]"
640,university of arizona,"[(204, 0, 51), (0, 51, 102)]"
641,university of cambridge,"[(214, 8, 59), (0, 114, 207), (234, 113, 37), (85, 165, 28), (143, 43, 188), (0, 177, 193)]"
642,university of cincinnati,"[(224, 1, 34), (0, 0, 0)]"
643,university of dayton,"[(206, 17, 65), (0, 75, 141), (0, 0, 0), (250, 242, 243), (209, 205, 184), (207, 10, 44), (0, 130, 202), (25, 144, 81), (231, 104, 41), (255, 221, 0)]"
644,university of florida,"[(250, 70, 22), (0, 33, 165)]"
645,university of illinois urbana champaign,"[(19, 31, 51), (250, 99, 0)]"
646,university of kentucky,"[(0, 93, 170)]"
647,university of michigan,"[(0, 39, 76), (255, 203, 5)]"
648,university of north carolina,"[(75, 156, 211), (0, 127, 174), (19, 41, 75), (225, 225, 225), (118, 118, 118), (21, 21, 21)]"
649,university of oregon,"[(21, 71, 51), (254, 225, 35)]"
650,university of rochester,"[(255, 209, 0), (0, 59, 113)]"
651,university of texas,"[(191, 87, 0), (51, 63, 72), (0, 95, 134), (67, 105, 91), (242, 169, 0), (56, 47, 45), (214, 210, 196)]"
652,university of victoria,"[(0, 84, 147), (245, 170, 28), (198, 53, 39), (0, 39, 84)]"
653,university of washington,"[(75, 46, 131), (183, 165, 122), (133, 117, 77)]"
654,university of waterloo,"[(255, 213, 79), (0, 0, 0)]"
655,university of wisconsin milwaukee,"[(255, 189, 0), (0, 0, 0), (152, 198, 70), (105, 77, 136), (83, 130, 175), (208, 109, 52), (95, 154, 56), (71, 77, 82)]"
656,univision,"[(200, 34, 176)]"
657,ups,"[(53, 28, 21), (255, 181, 0), (100, 167, 11)]"
658,usps,"[(51, 51, 102), (231, 25, 33), (33, 135, 72)]"
659,ustream,"[(51, 136, 255)]"
660,verizon,"[(255, 0, 0), (242, 242, 242), (50, 133, 220)]"
661,viadeo,"[(240, 115, 85)]"
662,viber,"[(89, 38, 124), (143, 93, 183), (226, 212, 231), (165, 207, 213), (129, 205, 80)]"
663,vidme,"[(248, 42, 83), (17, 17, 17), (245, 245, 245), (159, 42, 248), (170, 170, 170), (223, 240, 216)]"
664,viki,"[(60, 156, 215), (210, 70, 99)]"
665,vimeo,"[(22, 34, 33), (26, 183, 234)]"
666,vine,"[(0, 180, 136)]"
667,virb,"[(30, 145, 208)]"
668,virgin media,"[(195, 9, 45), (34, 34, 33)]"
669,virgin money,"[(204, 0, 0), (51, 51, 51), (169, 60, 59), (168, 150, 160), (122, 54, 113), (189, 29, 101)]"
670,visa,"[(26, 31, 113), (247, 182, 0)]"
671,visualcv,"[(49, 87, 122)]"
672,visually,"[(20, 172, 242), (240, 68, 148), (10, 197, 120)]"
673,vkontakte,"[(69, 102, 142)]"
674,vodafone,"[(230, 0, 0), (74, 77, 78), (156, 42, 160), (94, 39, 80), (0, 176, 202), (0, 124, 146), (168, 180, 0), (254, 203, 0), (235, 152, 0), (0, 0, 0)]"
675, ,"[(0, 48, 87), (17, 87, 64), (101, 102, 92), (66, 85, 99), (81, 120, 145), (33, 39, 33)]"
676,vue js,"[(66, 184, 131), (53, 73, 94)]"
677,wake forest university,"[(158, 126, 56), (0, 0, 0), (130, 35, 28), (81, 21, 54), (68, 62, 103), (55, 86, 105), (69, 101, 37), (89, 120, 108), (61, 60, 29), (98, 87, 80)]"
678,walgreens,"[(227, 24, 55), (243, 117, 32), (72, 156, 212), (39, 116, 166), (53, 57, 61)]"
679,walmart,"[(0, 125, 198), (121, 185, 231), (244, 116, 33), (118, 193, 67), (255, 193, 32), (231, 240, 247), (242, 248, 253), (34, 34, 34), (68, 68, 68)]"
680,warby parker,"[(65, 75, 86), (0, 162, 225)]"
681,wave apps,"[(28, 45, 55), (78, 199, 196), (0, 149, 159), (59, 155, 204)]"
682,webzunder,"[(238, 166, 66)]"
683,wechat,"[(123, 179, 46)]"
684,wendys,"[(226, 32, 61), (25, 159, 218)]"
685,western digital,"[(0, 81, 149), (2, 137, 72), (255, 212, 0), (0, 103, 179), (157, 10, 14), (0, 51, 105)]"
686,whatsapp,"[(7, 94, 84), (18, 140, 126), (37, 211, 102), (220, 248, 198), (52, 183, 241), (236, 229, 221)]"
687,whoosnap designer,"[(47, 165, 214), (181, 47, 44)]"
688,wikimedia,"[(51, 153, 102), (0, 99, 191), (153, 0, 0)]"
689,wikipedia,"[(0, 0, 0), (99, 100, 102), (147, 149, 152), (199, 200, 202)]"
690,windows phone,"[(104, 33, 122)]"
691,windows,"[(0, 120, 215), (0, 32, 80), (255, 185, 0), (216, 59, 1), (232, 17, 35), (180, 0, 158), (92, 45, 145), (0, 130, 114), (16, 124, 16)]"
692,woocommerce,"[(150, 88, 138), (60, 60, 60), (113, 176, 47)]"
693,wooga,"[(91, 0, 156)]"
694,wordpress,"[(33, 117, 155), (213, 78, 33), (70, 70, 70)]"
695,world organisation of the scout movement wosm,"[(98, 37, 153), (0, 84, 160), (170, 186, 10), (221, 117, 0), (226, 61, 40), (61, 142, 51), (51, 153, 255), (255, 51, 153), (252, 209, 22), (153, 153, 153)]"
696,worldline,"[(0, 102, 161)]"
697,wufoo,"[(230, 103, 96), (140, 136, 205), (105, 197, 228), (255, 223, 139), (97, 224, 100)]"
698,wunderlist,"[(43, 150, 241)]"
699,wwe,"[(215, 24, 42)]"
700,xavier university,"[(12, 35, 64), (158, 162, 162), (0, 153, 204)]"
701,xbox,"[(82, 176, 67)]"
702,xda developers,"[(245, 151, 20)]"
703,xing,"[(2, 100, 102), (207, 220, 0)]"
704,xy gaming,"[(50, 153, 204), (51, 51, 51)]"
705,y combinator,"[(255, 64, 0)]"
706,yahoo,"[(65, 0, 147)]"
707,yandex,"[(255, 204, 0)]"
708,yellow pages,"[(255, 212, 0), (0, 0, 0)]"
709,yelp,"[(175, 6, 6)]"
710,yii framework,"[(216, 88, 43), (22, 163, 20), (59, 111, 186)]"
711,yo,"[(155, 89, 182), (231, 76, 60), (142, 68, 173), (41, 128, 185), (241, 196, 15), (22, 160, 133), (52, 73, 94), (52, 152, 219), (46, 204, 113), (26, 188, 156)]"
712,youtube,"[(255, 0, 0), (40, 40, 40)]"
713,zapier,"[(255, 74, 0), (253, 118, 34), (255, 196, 62), (95, 108, 114), (73, 157, 243), (19, 208, 171)]"
714,zendesk,"[(0, 54, 61), (247, 154, 62), (235, 102, 81), (48, 170, 188), (235, 73, 98), (55, 184, 175), (120, 163, 0), (240, 202, 40)]"
715,zerply,"[(157, 188, 122)]"
716,zillow,"[(18, 119, 225)]"
717,zomato,"[(203, 32, 45), (45, 45, 45), (244, 244, 242)]"
718,zopim,"[(255, 157, 59)]"
